City_ID,City,Country,Lat,Lng,Min Temp,Max Temp,Humidity,Cloudiness,Wind Speed,Current Description
0,Rikitea,PF,-23.12,-134.97,74.64,74.64,79,0,10.13,clear sky
1,Punta Arenas,CL,-53.15,-70.92,41.11,41.11,93,90,3.44,light rain
2,Mataura,NZ,-46.19,168.86,46.47,46.47,87,77,9.91,light rain
3,Saint-Georges,GD,12.06,-61.75,79.77,79.77,78,79,12.03,broken clouds
4,Manzil Salim,TN,35.86,8.48,74.64,74.64,52,0,2.21,clear sky
5,Wakkanai,JP,45.41,141.67,67.59,67.59,73,18,7.14,few clouds
6,Hermanus,ZA,-34.42,19.23,51.8,59.9,65,54,8.08,broken clouds
7,Great Falls,US,47.5,-111.3,73.85,80.69,28,90,13.8,overcast clouds
8,Ushuaia,AR,-54.8,-68.3,40.66,40.66,87,75,3.44,broken clouds
9,Pachino,IT,36.72,15.09,69.84,82.6,59,0,7.87,clear sky
10,Vaini,TO,-21.2,-175.2,69.96,69.96,78,20,9.22,few clouds
11,Thompson,CA,55.74,-97.86,56.86,56.86,81,100,3.4,overcast clouds
12,Monrovia,LR,6.3,-10.8,76.05,76.05,81,99,9.17,light rain
13,Kaitangata,NZ,-46.28,169.85,54.41,54.41,62,72,4.23,moderate rain
14,Aklavik,CA,68.22,-135.01,50.92,50.92,71,100,9.53,overcast clouds
15,Bluff,NZ,-46.6,168.33,46.8,46.8,87,100,17.18,moderate rain
16,Saldanha,ZA,-33.01,17.94,56.57,56.57,58,55,4.56,broken clouds
17,Geraldton,AU,-28.77,114.6,75.61,75.61,46,4,14.97,clear sky
18,Busselton,AU,-33.65,115.33,70.09,71.04,51,0,9.22,clear sky
19,Castro,BR,-24.79,-50.01,56.52,56.52,95,63,3.94,broken clouds
20,Teya,RU,60.38,92.63,57.18,57.18,97,100,5.7,light rain
21,Hervey Bay,AU,-25.3,152.85,75.31,75.31,66,12,8.95,few clouds
22,Corrales,US,35.24,-106.61,63.61,72.68,79,1,1.01,clear sky
23,Fort Nelson,CA,58.81,-122.7,49.77,49.77,95,100,17.74,moderate rain
24,Provideniya,RU,64.38,-173.3,44.71,44.71,81,90,6.71,overcast clouds
25,Sedalia,US,38.7,-93.23,64.85,68.32,83,1,5.75,clear sky
26,Lagoa,PT,39.05,-27.98,71.56,71.56,86,89,10.27,overcast clouds
27,Comodoro Rivadavia,AR,-45.87,-67.5,53.46,53.46,43,0,6.91,clear sky
28,Nouadhibou,MR,20.93,-17.03,69.91,69.91,94,42,10.76,scattered clouds
29,Isangel,VU,-19.55,169.27,73.29,73.29,60,9,18.19,clear sky
30,Jamestown,US,42.1,-79.24,56.17,64.04,85,1,6.91,clear sky
31,Menongue,AO,-14.66,17.69,52.68,52.68,41,0,5.41,clear sky
32,Salamiyah,SY,35.01,37.05,78.96,78.96,55,0,20.24,clear sky
33,Ribeira Grande,PT,38.52,-28.7,72.05,72.05,85,91,5.48,overcast clouds
34,Kodiak,US,57.79,-152.41,62.11,62.11,55,1,12.66,clear sky
35,Ambulu,ID,-8.35,113.61,87.35,87.35,59,16,12.28,few clouds
36,Bend,US,44.06,-121.32,71.22,78.66,47,1,6.91,clear sky
37,Yerbogachen,RU,61.28,108.01,61.63,61.63,80,100,8.93,overcast clouds
38,East London,ZA,-33.02,27.91,57.85,57.85,67,0,10.78,clear sky
39,Puerto Ayora,EC,-0.74,-90.35,69.55,69.55,92,75,1.99,broken clouds
40,Lebu,CL,-37.62,-73.65,51.51,51.51,94,100,29.33,light rain
41,Sobolevo,RU,54.43,31.9,65.95,65.95,68,86,2.77,overcast clouds
42,Ayagoz,KZ,47.97,80.44,65.43,65.43,50,100,11.68,overcast clouds
43,Port Moresby,PG,-9.44,147.18,81.32,81.32,76,63,15.68,broken clouds
44,Ranong,TH,9.97,98.63,84.06,84.06,71,100,4.92,overcast clouds
45,Faanui,PF,-16.48,-151.75,79.05,79.05,75,16,9.46,few clouds
46,Makungu,TZ,-8.73,35.28,59.36,59.36,83,26,3.71,scattered clouds
47,Makinsk,KZ,52.63,70.42,77.47,77.47,37,56,5.48,broken clouds
48,Griffith,US,41.53,-87.42,59.0,70.9,89,1,0.0,clear sky
49,Cape Town,ZA,-33.93,18.42,56.1,60.12,62,59,4.72,broken clouds
50,Ozinki,RU,51.18,49.68,84.29,84.29,19,100,9.1,overcast clouds
51,Honiara,SB,-9.43,159.95,80.92,80.92,87,86,9.08,light rain
52,Mugur-Aksy,RU,50.35,90.5,57.85,57.85,59,100,3.38,overcast clouds
53,Atuona,PF,-9.8,-139.03,77.83,77.83,70,12,12.59,few clouds
54,Qaanaaq,GL,77.48,-69.36,37.8,37.8,99,100,6.58,light rain
55,Sur,OM,22.57,59.53,89.51,89.51,56,75,0.51,broken clouds
56,Luena,AO,-11.78,19.92,52.32,52.32,44,11,3.89,few clouds
57,Ngunguru,NZ,-35.62,174.5,60.17,60.17,80,51,9.28,broken clouds
58,Hilo,US,19.73,-155.09,73.11,74.8,89,36,3.0,scattered clouds
59,Gashua,NG,12.87,11.05,79.16,79.16,73,70,5.93,light rain
60,Kahului,US,20.89,-156.47,74.68,76.96,85,21,9.15,few clouds
61,Port Alfred,ZA,-33.59,26.89,58.39,58.39,71,0,12.35,clear sky
62,Hasaki,JP,35.73,140.83,72.0,72.0,80,100,13.35,overcast clouds
63,Bredasdorp,ZA,-34.53,20.04,51.28,51.28,75,20,4.99,few clouds
64,Tasiilaq,GL,65.61,-37.64,42.96,42.96,69,96,3.69,overcast clouds
65,New Norfolk,AU,-42.78,147.06,40.91,47.7,73,49,3.0,light rain
66,Pulaski,US,34.77,-92.3,69.03,75.25,83,75,4.61,broken clouds
67,Hobart,AU,-42.88,147.33,41.27,48.06,70,40,4.0,scattered clouds
68,Salinopolis,BR,-0.61,-47.36,77.97,77.97,83,76,9.66,moderate rain
69,Tocopilla,CL,-22.09,-70.2,60.08,60.08,68,16,4.92,few clouds
70,Dikson,RU,73.51,80.55,42.13,42.13,99,100,16.08,overcast clouds
71,Nurota,UZ,40.56,65.69,75.29,75.29,23,0,19.33,clear sky
72,Teeli,RU,51.03,90.23,66.83,66.83,60,83,6.35,broken clouds
73,Batemans Bay,AU,-35.72,150.18,59.99,64.9,34,17,3.98,few clouds
74,Saskylakh,RU,71.92,114.08,63.27,63.27,44,100,12.8,overcast clouds
75,Dzialdowo,PL,53.24,20.17,60.57,60.57,83,100,8.84,overcast clouds
76,Tianpeng,CN,30.99,103.94,70.88,70.88,96,100,5.79,overcast clouds
77,Iquique,CL,-20.22,-70.14,57.24,57.24,79,48,4.36,scattered clouds
78,Avarua,CK,-21.21,-159.78,71.65,71.65,64,75,6.91,light rain
79,Olga,RU,43.74,135.29,71.71,71.71,61,6,8.14,clear sky
80,Flin Flon,CA,54.77,-101.86,65.08,65.08,54,99,8.52,overcast clouds
81,Gat,IL,31.61,34.76,78.08,80.91,100,0,1.92,clear sky
82,Raxaul,IN,26.98,84.85,89.49,89.49,68,21,6.69,few clouds
83,Wagar,SD,16.15,36.2,81.37,81.37,68,45,21.43,scattered clouds
84,Erzin,TR,36.96,36.2,81.12,83.12,56,0,4.41,clear sky
85,Kapaa,US,22.08,-159.32,77.47,84.18,73,20,1.01,few clouds
86,Eyl,SO,7.98,49.82,81.9,81.9,54,20,29.28,few clouds
87,Abbeville,FR,50.1,1.83,58.41,62.56,91,91,11.97,overcast clouds
88,Sola,VU,-13.88,167.55,77.68,77.68,76,86,25.99,overcast clouds
89,Rust,DE,48.27,7.73,64.83,70.29,77,75,6.91,broken clouds
90,Lompoc,US,34.64,-120.46,57.92,68.11,88,90,5.75,fog
91,Tuatapere,NZ,-46.13,167.68,46.81,46.81,95,100,4.97,light rain
92,Irbil,IQ,36.19,44.01,85.82,85.82,100,0,5.75,clear sky
93,Jiuquan,CN,39.74,98.52,87.24,87.24,21,5,18.16,clear sky
94,Svetlogorsk,BY,52.63,29.73,68.81,68.81,78,42,4.99,scattered clouds
95,Danesti,RO,46.52,25.75,66.51,68.32,58,0,0.67,clear sky
96,Nikolskoye,RU,59.7,30.79,60.69,61.02,80,63,9.64,broken clouds
97,Gazi,GR,35.33,25.07,70.95,79.61,66,20,1.01,few clouds
98,Ulladulla,AU,-35.35,150.47,59.77,64.09,43,25,10.76,scattered clouds
99,College,US,64.86,-147.8,48.47,52.59,92,90,4.0,overcast clouds
100,Cabedelo,BR,-6.98,-34.83,70.47,70.47,83,41,14.47,scattered clouds
101,Avera,US,33.19,-82.53,72.91,76.87,90,93,6.24,overcast clouds
102,Vardo,NO,70.37,31.11,46.6,46.6,74,100,14.79,overcast clouds
103,Pozo Colorado,PY,-23.49,-58.8,60.8,60.8,60,0,3.83,clear sky
104,Aksha,RU,50.28,113.29,80.13,80.13,44,4,9.01,clear sky
105,Yellowknife,CA,62.46,-114.35,54.97,54.97,65,100,14.9,overcast clouds
106,Codrington,AU,-38.27,141.97,53.29,53.29,76,98,19.64,overcast clouds
107,Petropavlovsk-Kamchatskiy,RU,53.05,158.65,72.19,72.19,49,0,4.47,light rain
108,Tyukhtet,RU,56.54,89.3,72.37,72.37,42,97,9.06,overcast clouds
109,Tungor,RU,53.38,142.96,77.23,77.23,51,19,7.72,few clouds
110,Sao Francisco,BR,-15.95,-44.86,68.74,68.74,45,40,3.49,scattered clouds
111,Pevek,RU,69.7,170.31,32.81,32.81,88,100,6.76,overcast clouds
112,Anadyr,RU,64.75,177.48,55.9,55.9,54,0,13.42,clear sky
113,Flinders,AU,-34.58,150.86,63.68,73.2,45,9,18.7,clear sky
114,Saint George,US,37.1,-113.58,90.07,95.63,28,1,1.01,clear sky
115,Grand Gaube,MU,-20.01,57.66,72.0,73.38,58,58,7.0,broken clouds
116,Nyrob,RU,60.73,56.72,66.87,66.87,60,99,9.28,overcast clouds
117,Clyde River,CA,70.47,-68.59,41.9,41.9,84,98,3.56,overcast clouds
118,Torbay,CA,47.67,-52.73,65.28,68.77,95,90,8.05,light rain
119,Longyearbyen,SJ,78.22,15.64,39.04,39.04,70,75,6.91,broken clouds
120,Timbiqui,CO,2.77,-77.67,73.42,73.42,97,100,3.67,moderate rain
121,Port Macquarie,AU,-31.43,152.92,69.71,69.71,36,0,6.71,clear sky
122,Moose Factory,CA,51.26,-80.61,71.92,71.92,62,89,13.49,overcast clouds
123,Camopi,GF,3.17,-52.32,71.44,71.44,98,86,2.66,overcast clouds
124,Casper,US,42.87,-106.31,68.72,72.01,49,61,4.0,broken clouds
125,Yushan,CN,31.38,120.95,80.49,84.97,91,99,2.66,light rain
126,Talnakh,RU,69.49,88.4,52.11,52.11,92,100,11.18,overcast clouds
127,Hami,CN,42.8,93.45,69.62,69.62,66,100,9.95,overcast clouds
128,Alausi,EC,-2.2,-78.83,49.59,49.59,89,100,2.66,overcast clouds
129,Boda,CF,4.32,17.47,69.24,69.24,99,100,3.11,overcast clouds
130,Mount Gambier,AU,-37.83,140.77,51.71,51.71,93,90,14.97,overcast clouds
131,Batticaloa,LK,7.71,81.69,85.32,85.32,58,98,1.07,overcast clouds
132,Luwuk,ID,-0.95,122.79,84.02,84.02,72,45,7.18,scattered clouds
133,Lavrentiya,RU,65.58,-171.0,41.74,41.74,92,100,6.87,overcast clouds
134,Cabo San Lucas,MX,22.89,-109.91,81.95,85.05,79,12,5.01,few clouds
135,Curuca,BR,-0.73,-47.85,73.85,73.85,93,98,4.34,heavy intensity rain
136,Sarahan,IN,31.52,77.8,71.82,71.82,46,0,6.29,clear sky
137,Paamiut,GL,61.99,-49.67,45.46,45.46,98,100,22.12,light rain
138,Sioux Lookout,CA,50.1,-91.92,75.04,75.04,43,43,11.52,scattered clouds
139,Naze,JP,28.37,129.48,81.43,81.43,78,100,11.36,overcast clouds
140,Mao,ES,39.89,4.27,77.56,77.56,83,20,17.27,few clouds
141,Canutama,BR,-6.53,-64.38,78.15,78.15,59,59,3.02,broken clouds
142,Nome,US,64.5,-165.41,45.1,46.47,87,90,10.36,light rain
143,Bengkulu,ID,-3.8,102.27,87.53,87.53,57,58,6.76,broken clouds
144,Hailey,US,43.52,-114.32,67.86,67.86,45,1,8.05,smoke
145,Bac Lieu,VN,9.29,105.72,87.66,87.66,61,5,2.89,clear sky
146,Anzoategui,CO,4.63,-75.1,57.67,57.67,91,78,4.09,broken clouds
147,Kalispell,US,48.2,-114.31,65.77,73.33,43,40,3.44,smoke
148,Upland,US,34.1,-117.65,61.66,91.62,51,1,1.01,clear sky
149,Namibe,AO,-15.2,12.15,64.96,64.96,88,22,7.38,few clouds
150,Portland,US,45.52,-122.68,68.16,81.18,53,20,1.01,few clouds
151,Sao Filipe,CV,14.9,-24.5,76.91,76.91,90,99,6.91,overcast clouds
152,Ancud,CL,-41.87,-73.82,47.73,49.23,92,100,24.7,moderate rain
153,Vao,NC,-22.67,167.48,68.47,68.47,63,54,18.43,broken clouds
154,Marystown,CA,47.17,-55.15,63.75,63.75,96,97,7.25,overcast clouds
155,Tilichiki,RU,60.47,166.1,60.31,60.31,64,99,6.46,overcast clouds
156,Tulsipur,NP,28.13,82.3,86.13,86.13,63,7,4.32,clear sky
157,Noshiro,JP,40.2,140.02,74.41,74.41,70,100,7.02,overcast clouds
158,Whitehorse,CA,60.72,-135.05,47.1,51.03,89,97,3.15,overcast clouds
159,Ostrovnoy,RU,68.05,39.51,49.33,49.33,97,100,14.85,overcast clouds
160,Sambava,MG,-14.27,50.17,71.56,71.56,68,9,15.12,clear sky
161,Ponta Do Sol,PT,32.67,-17.1,80.13,88.43,21,0,3.65,clear sky
162,Severo-Kurilsk,RU,50.68,156.12,57.79,57.79,83,34,13.73,scattered clouds
163,Saint-Philippe,RE,-21.36,55.77,65.79,69.35,76,90,13.71,light rain
164,Esperance,AU,-33.87,121.9,63.59,63.59,57,0,6.96,clear sky
165,Albany,US,42.6,-73.97,53.82,61.45,88,100,3.49,overcast clouds
166,Pali,IN,25.77,73.33,89.35,89.35,54,27,10.18,scattered clouds
167,Kastamonu,TR,41.5,33.67,59.02,59.02,60,0,0.56,clear sky
168,Jacareacanga,BR,-6.22,-57.75,71.96,71.96,89,44,1.74,scattered clouds
169,Suntar,RU,62.14,117.63,74.44,74.44,52,100,8.05,overcast clouds
170,Dunedin,NZ,-45.87,170.5,57.79,57.79,45,72,11.01,broken clouds
171,Wichita Falls,US,33.91,-98.49,75.33,79.25,80,1,10.0,clear sky
172,Carnarvon,AU,-24.87,113.63,78.87,78.87,68,90,9.22,overcast clouds
173,Jishou,CN,28.32,109.72,80.69,80.69,81,98,1.66,overcast clouds
174,Storm Lake,US,42.64,-95.21,58.33,64.15,100,1,8.05,clear sky
175,Pochutla,MX,15.74,-96.47,78.82,78.82,93,86,3.2,overcast clouds
176,Barrow,US,71.29,-156.79,35.62,35.62,80,90,20.71,light snow
177,Berlin,DE,52.52,13.41,59.99,67.95,73,0,11.01,clear sky
178,Khatanga,RU,71.97,102.5,62.6,62.6,51,100,15.46,overcast clouds
179,Marsh Harbour,BS,26.54,-77.06,82.54,82.54,81,100,15.26,overcast clouds
180,Quatre Cocos,MU,-20.21,57.76,71.71,73.09,70,74,17.92,broken clouds
181,Sorland,NO,67.67,12.69,50.07,50.07,77,100,16.78,overcast clouds
182,Vidim,RU,56.41,103.11,69.69,69.69,37,100,10.6,overcast clouds
183,Inhambane,MZ,-23.86,35.38,66.34,66.34,69,46,7.34,scattered clouds
184,Zachepylivka,UA,49.19,35.24,72.32,72.32,49,3,5.3,clear sky
185,Port Hedland,AU,-20.32,118.57,87.85,87.85,19,4,12.66,clear sky
186,Tiznit,MA,29.58,-9.5,90.93,90.93,11,53,10.89,broken clouds
187,Yulara,AU,-25.24,130.99,75.45,75.45,18,12,14.5,few clouds
188,Nanortalik,GL,60.14,-45.24,47.21,47.21,99,100,11.83,moderate rain
189,Csakvar,HU,47.39,18.46,62.44,72.54,62,52,4.09,broken clouds
190,Yakeshi,CN,49.28,120.73,75.43,75.43,50,15,1.68,few clouds
191,Butaritari,KI,3.07,172.79,82.99,82.99,74,55,10.89,light rain
192,Marsa Matruh,EG,31.35,27.25,78.26,78.26,64,0,4.72,clear sky
193,Pokrovsk,UA,48.28,37.18,69.87,69.87,66,20,5.79,few clouds
194,Cienfuegos,CU,22.15,-80.44,77.81,77.81,87,77,3.27,broken clouds
195,Goderich,CA,43.75,-81.72,53.2,58.91,71,40,11.63,scattered clouds
196,Saveh,IR,35.02,50.36,85.23,85.23,18,0,16.28,clear sky
197,Lulea,SE,65.58,22.15,53.67,53.67,82,75,10.36,broken clouds
198,Marzuq,YE,14.4,46.47,84.47,84.47,41,71,5.12,broken clouds
199,Ust-Ishim,RU,57.69,71.17,73.72,73.72,50,59,3.67,broken clouds
200,Yankton,US,42.87,-97.4,71.85,71.85,78,1,8.05,clear sky
201,Kavieng,PG,-2.57,150.8,82.9,82.9,76,87,7.72,moderate rain
202,Brae,GB,60.4,-1.35,49.91,49.91,73,68,17.43,broken clouds
203,Stokmarknes,NO,68.56,14.91,51.76,54.5,80,100,7.83,overcast clouds
204,Utete,TZ,-7.99,38.76,72.19,72.19,86,40,3.06,light rain
205,Deputatskiy,RU,69.3,139.9,50.86,50.86,56,100,9.06,overcast clouds
206,Cidreira,BR,-30.18,-50.21,57.16,57.16,95,4,0.98,clear sky
207,Bathsheba,BB,13.22,-59.52,79.41,79.41,83,20,12.66,few clouds
208,Agadez,NE,19.75,10.25,86.02,86.02,16,25,8.14,scattered clouds
209,Bumba,CD,2.18,22.47,70.34,70.34,96,83,3.04,broken clouds
210,Katsuura,JP,35.13,140.3,71.71,71.71,93,100,14.34,overcast clouds
211,Isla Mujeres,MX,21.23,-86.73,75.25,75.25,84,69,10.31,broken clouds
212,Norman Wells,CA,65.28,-126.83,51.1,51.1,88,99,2.55,overcast clouds
213,Haveli,PK,30.45,73.7,100.69,100.69,30,41,6.71,scattered clouds
214,Skibbereen,IE,51.55,-9.27,57.0,57.0,83,10,7.36,clear sky
215,Islampur,IN,26.27,88.2,82.54,82.54,81,100,7.11,overcast clouds
216,Meru,KE,0.05,37.66,61.18,61.18,74,73,7.87,broken clouds
217,Pangnirtung,CA,66.15,-65.71,45.25,45.25,78,92,2.24,overcast clouds
218,Rocha,UY,-34.48,-54.33,53.1,53.1,96,99,1.7,overcast clouds
219,Fukue,JP,32.69,128.84,75.56,75.56,100,75,4.61,light intensity shower rain
220,Gaillac,FR,43.9,1.9,62.74,63.55,95,65,5.1,broken clouds
221,Alofi,NU,-19.06,-169.92,71.49,71.49,94,75,9.22,broken clouds
222,Bilma,NE,18.69,12.92,87.48,87.48,38,58,4.59,broken clouds
223,Key West,US,24.56,-81.78,82.0,86.0,72,20,12.66,thunderstorm
224,West Bay,KY,19.37,-81.42,80.08,82.99,81,82,1.99,broken clouds
225,Mukhen,RU,48.1,136.1,79.99,79.99,44,14,6.24,few clouds
226,Gimli,CA,50.63,-96.99,80.44,80.44,67,43,10.33,scattered clouds
227,Srednekolymsk,RU,67.45,153.68,56.41,56.41,44,100,10.94,overcast clouds
228,Ughelli,NG,5.49,6.01,74.34,74.34,93,100,2.39,overcast clouds
229,Westport,US,41.14,-73.36,61.75,72.86,82,1,1.01,clear sky
230,Mapiri,BO,-15.25,-68.17,69.33,69.33,71,90,1.45,overcast clouds
231,Mar Del Plata,AR,-38.0,-57.56,48.22,48.22,100,75,3.44,broken clouds
232,Baruun-Urt,MN,46.68,113.28,75.27,75.27,43,2,5.86,clear sky
233,Olinda,BR,-8.01,-34.86,67.73,67.73,83,0,6.91,clear sky
234,Harpanahalli,IN,14.8,75.98,75.88,75.88,73,99,13.82,overcast clouds
235,Katherine,AU,-14.47,132.27,91.72,91.72,18,2,18.41,clear sky
236,Cheremukhovo,RU,60.35,59.99,71.92,71.92,45,99,7.72,overcast clouds
237,Kondinskoye,RU,59.65,67.41,73.15,73.15,51,27,7.25,scattered clouds
238,Luga,RU,58.74,29.85,57.51,57.51,80,33,9.46,scattered clouds
239,Kismayo,SO,-0.36,42.55,77.4,77.4,75,57,16.91,broken clouds
240,Nhulunbuy,AU,-12.23,136.77,84.81,84.81,58,40,20.71,scattered clouds
241,Hima,UG,0.3,30.18,68.25,68.25,71,70,1.23,broken clouds
242,Chokurdakh,RU,70.63,147.92,51.44,51.44,43,78,6.53,broken clouds
243,Nautla,MX,20.22,-96.78,78.64,78.64,83,4,3.89,clear sky
244,Mayo,US,38.89,-76.51,70.12,77.58,87,68,5.01,broken clouds
245,Georgetown,MY,5.41,100.34,80.53,83.89,80,40,1.99,scattered clouds
246,Ingham,US,42.6,-84.38,53.64,62.71,86,1,0.0,clear sky
247,Bud,US,39.45,-86.18,65.52,71.58,83,99,6.73,overcast clouds
248,Umuahia,NG,5.53,7.49,71.69,71.69,96,100,2.75,overcast clouds
249,Llandrindod Wells,GB,52.24,-3.38,52.52,56.98,93,32,15.97,scattered clouds
250,Taguatinga,BR,-12.39,-46.57,71.19,71.19,35,0,5.17,clear sky
251,Poykovskiy,RU,61.23,73.33,66.49,66.49,55,0,11.18,clear sky
252,Vila Franca Do Campo,PT,37.72,-25.43,72.01,72.01,92,95,6.82,overcast clouds
253,Namatanai,PG,-3.67,152.43,80.44,80.44,80,97,6.55,light rain
254,Calama,CL,-22.47,-68.93,41.49,41.49,33,0,19.57,clear sky
255,Strezhevoy,RU,60.73,77.59,66.18,66.18,50,21,9.4,few clouds
256,Gorontalo,ID,0.54,123.06,85.57,85.57,69,25,6.93,light rain
257,San Cristobal,VE,7.77,-72.22,65.19,65.19,97,88,2.53,overcast clouds
258,Ilulissat,GL,69.22,-51.1,42.82,42.82,87,99,4.61,overcast clouds
259,Ahipara,NZ,-35.17,173.17,57.15,57.15,80,27,9.31,scattered clouds
260,La Ronge,CA,55.1,-105.28,65.19,65.19,54,100,3.4,overcast clouds
261,Coihaique,CL,-45.58,-72.07,37.35,37.35,100,40,3.44,light rain
262,Kindu,CD,-2.95,25.95,70.27,70.27,81,10,2.33,clear sky
263,Dumas,US,35.87,-101.97,72.03,76.42,60,1,10.36,clear sky
264,Kholtoson,RU,50.3,103.31,76.08,76.08,59,100,1.99,overcast clouds
265,Victoria,HK,22.29,114.16,80.58,87.96,73,11,8.9,few clouds
266,Ayorou,NE,14.73,0.92,75.13,75.13,78,97,9.13,overcast clouds
267,Wanaka,NZ,-44.7,169.15,40.26,40.26,99,71,9.62,moderate rain
268,Sinnamary,GF,5.38,-52.95,76.26,76.26,84,99,6.89,overcast clouds
269,Muros,ES,42.78,-9.06,61.16,63.23,80,2,11.27,clear sky
270,Cherskiy,RU,68.75,161.3,45.32,45.32,71,95,8.55,overcast clouds
271,Mahebourg,MU,-20.41,57.7,71.89,73.26,56,20,14.97,few clouds
272,Leh,IN,34.17,77.58,55.38,55.38,30,3,6.02,clear sky
273,Bethel,US,41.37,-73.41,59.49,68.58,83,1,0.0,clear sky
274,Qeshm,IR,26.96,56.27,91.27,91.27,78,53,17.69,broken clouds
275,Tuktoyaktuk,CA,69.45,-133.04,46.42,46.42,85,71,13.24,broken clouds
276,Narrabri,AU,-30.32,149.78,70.52,70.52,29,0,4.0,clear sky
277,Hanzhong,CN,33.07,107.03,70.0,70.0,95,100,1.1,overcast clouds
278,Khoni,GE,42.32,42.42,68.99,68.99,94,75,2.3,broken clouds
279,Berbera,SO,10.44,45.01,92.44,92.44,37,52,26.42,broken clouds
280,Arraial Do Cabo,BR,-22.97,-42.03,68.45,68.45,84,1,17.07,clear sky
281,Grindavik,IS,63.84,-22.43,50.47,51.57,100,90,8.05,mist
282,Diffa,NE,13.32,12.61,78.08,78.08,76,70,5.82,broken clouds
283,Kiunga,PG,-6.12,141.29,82.27,82.27,84,84,5.06,broken clouds
284,Te Anau,NZ,-45.42,167.72,40.78,40.78,97,100,2.53,moderate rain
285,Ust-Tsilma,RU,65.44,52.15,58.73,58.73,91,100,7.56,overcast clouds
286,Tadine,NC,-21.55,167.88,70.39,70.39,64,90,16.04,overcast clouds
287,Batagay-Alyta,RU,67.8,130.41,49.84,49.84,74,100,1.77,light rain
288,Nador,MA,35.17,-2.93,71.67,71.85,83,0,1.14,clear sky
289,Pacific Grove,US,36.62,-121.92,56.5,71.02,95,90,4.0,mist
290,Piacabucu,BR,-10.41,-36.43,70.92,70.92,78,40,6.4,scattered clouds
291,Darhan,MN,49.49,105.92,81.61,81.61,47,100,10.6,overcast clouds
292,San Quintin,MX,30.48,-115.95,70.39,70.39,87,3,6.64,clear sky
293,Coquimbo,CL,-29.95,-71.34,51.53,51.53,81,75,2.3,broken clouds
294,Luderitz,NA,-26.65,15.16,52.74,52.74,78,42,10.31,scattered clouds
295,Souillac,MU,-20.52,57.52,71.98,73.36,56,20,14.97,few clouds
296,Yanam,IN,16.73,82.22,84.6,84.6,84,100,9.1,overcast clouds
297,Bereda,ES,43.27,-7.54,52.88,58.14,98,47,3.71,scattered clouds
298,Vilhena,BR,-12.74,-60.15,69.48,69.48,49,8,2.84,clear sky
299,Olafsvik,IS,64.89,-23.71,53.53,53.53,89,100,11.77,overcast clouds
300,San Ramon,US,37.78,-121.98,56.25,75.38,76,1,10.0,smoke
301,Port Elizabeth,ZA,-33.92,25.57,55.36,55.36,72,2,8.1,clear sky
302,Upernavik,GL,72.79,-56.15,42.64,42.64,96,100,3.51,light rain
303,Kuytun,RU,54.34,101.5,56.79,56.79,92,100,6.51,light rain
304,Kasempa,ZM,-13.46,25.83,54.48,54.48,80,0,5.3,clear sky
305,Kloulklubed,PW,7.04,134.26,88.3,88.3,71,45,3.04,scattered clouds
306,Pontianak,ID,-0.03,109.33,82.38,82.38,89,75,11.5,thunderstorm with rain
307,Karasburg,NA,-28.02,18.75,56.5,56.5,41,0,4.56,clear sky
308,San Pedro,PH,14.35,121.02,89.1,91.31,55,84,4.54,broken clouds
309,Salalah,OM,17.02,54.09,77.09,77.09,100,90,4.61,light intensity drizzle
310,Hithadhoo,MV,-0.6,73.08,82.96,82.96,71,100,13.62,overcast clouds
311,Sokyryany,UA,48.45,27.42,66.88,66.88,55,3,6.67,clear sky
312,Kirakira,SB,-10.45,161.92,81.27,81.27,82,93,11.45,light rain
313,Shubarkuduk,KZ,49.14,56.49,86.9,86.9,14,2,1.45,clear sky
314,Palu,ID,-0.89,119.87,88.45,88.45,63,66,3.62,broken clouds
315,Ajdabiya,LY,30.76,20.23,74.91,74.91,61,0,8.03,clear sky
316,Muisne,EC,0.6,-80.03,74.71,74.71,86,100,8.43,overcast clouds
317,Numan,NG,9.47,12.03,72.93,72.93,95,96,6.15,overcast clouds
318,Vitim,RU,59.45,112.56,67.69,67.69,75,100,4.45,overcast clouds
319,Bam,IR,29.11,58.36,93.27,93.27,7,55,12.46,broken clouds
320,Chuy,UY,-33.7,-53.46,53.44,53.44,97,64,2.39,broken clouds
321,Blue Springs,US,39.02,-94.28,63.05,71.89,85,1,1.01,clear sky
322,Hofn,IS,64.25,-15.21,52.21,52.21,87,70,2.77,broken clouds
323,Okhotsk,RU,59.38,143.3,66.51,66.51,81,94,6.93,light rain
324,Son La,VN,21.32,103.9,81.68,81.68,79,100,1.39,overcast clouds
325,Loveland,US,40.4,-105.08,61.45,74.91,44,1,1.99,clear sky
326,Sao Joao Da Barra,BR,-21.64,-41.05,68.14,68.14,82,45,6.8,scattered clouds
327,Dingle,PH,11.0,122.67,87.84,87.84,67,89,6.89,light rain
328,Tiksi,RU,71.69,128.87,45.73,45.73,74,3,9.01,clear sky
329,Padang,ID,-0.95,100.35,84.25,84.25,76,88,3.04,overcast clouds
330,Atar,MR,20.52,-13.05,87.48,87.48,36,36,1.34,scattered clouds
331,Pisco,PE,-13.7,-76.22,55.45,57.02,88,3,2.3,clear sky
332,Qaqortoq,GL,60.72,-46.03,48.7,48.7,99,100,8.5,light rain
333,Kavaratti,IN,10.57,72.64,81.9,81.9,77,98,17.27,overcast clouds
334,Broome,US,42.25,-75.83,52.63,61.18,93,1,4.61,clear sky
335,Shache,CN,38.42,77.24,83.08,83.08,14,67,2.42,broken clouds
336,Hinton,CA,53.4,-117.59,62.11,62.11,63,100,3.71,overcast clouds
337,Beidao,CN,34.57,105.89,70.38,70.38,78,100,3.96,overcast clouds
338,Cyangugu,RW,-2.48,28.91,60.87,60.87,67,35,1.19,scattered clouds
339,Chuncheng,CN,22.17,111.79,87.28,87.28,74,98,7.07,light rain
340,Porto San Giorgio,IT,43.18,13.79,73.35,78.75,52,0,4.16,clear sky
341,Jalu,LY,29.03,21.55,75.97,75.97,43,0,7.02,clear sky
342,Shaowu,CN,27.34,117.48,85.69,85.69,78,97,2.53,overcast clouds
343,Pital,CO,2.27,-75.8,65.26,65.26,91,73,4.81,broken clouds
344,Constitucion,CL,-35.33,-72.42,51.64,51.64,90,100,22.53,light rain
345,Bayan,CN,46.08,127.4,78.93,78.93,54,0,1.99,clear sky
346,Palmer,US,42.16,-72.33,56.66,66.31,78,1,0.0,clear sky
347,Nishihara,JP,26.18,127.76,85.28,87.85,79,75,9.22,broken clouds
348,Lake City,US,30.19,-82.64,76.51,78.58,75,100,5.44,overcast clouds
349,Urengoy,RU,65.97,78.37,57.67,57.67,61,85,14.34,overcast clouds
350,Gushikawa,JP,26.35,127.87,85.23,87.8,74,1,13.8,clear sky
351,Hovd,MN,48.01,91.64,56.98,56.98,80,100,3.18,light rain
352,Bilibino,RU,68.05,166.44,45.97,45.97,68,98,3.74,overcast clouds
353,Kapit,MY,2.02,112.93,84.63,84.63,79,77,2.13,broken clouds
354,Xining,CN,36.62,101.77,77.25,77.25,38,7,5.3,clear sky
355,Pahalgam,IN,34.03,75.33,64.33,64.33,46,62,6.2,broken clouds
356,Champerico,GT,14.3,-91.92,77.72,81.36,82,100,2.48,overcast clouds
357,Karachi,PK,24.91,67.08,85.82,85.82,62,75,11.5,smoke
358,Vagur,FO,61.47,-6.81,48.51,48.51,72,46,5.01,scattered clouds
359,Rawson,AR,-43.3,-65.1,56.93,56.93,41,97,15.77,overcast clouds
360,Kyabram,AU,-36.32,145.05,60.87,60.87,62,84,15.79,broken clouds
361,Lata,PT,40.16,-8.33,54.05,59.92,92,4,3.15,clear sky
362,Le Port,RE,-20.94,55.29,66.2,69.76,68,47,3.2,scattered clouds
363,Port Hardy,CA,50.7,-127.42,55.58,55.58,100,90,6.91,light intensity shower rain
364,Mosetse,BW,-20.75,26.65,52.47,52.47,76,0,10.31,clear sky
365,Helena,US,46.59,-112.04,61.54,81.59,32,1,3.0,clear sky
366,Galle,LK,6.04,80.22,81.7,81.7,78,99,13.42,overcast clouds
367,Sinop,TR,41.77,34.87,63.03,63.03,54,0,2.44,clear sky
368,Craig,US,40.52,-107.55,59.18,70.56,42,1,3.44,clear sky
369,Cascais,PT,38.7,-9.42,63.75,65.62,78,0,3.0,clear sky
370,Kongsberg,NO,59.67,9.65,45.66,53.42,86,98,3.83,overcast clouds
371,Makakilo City,US,21.35,-158.09,76.28,80.92,61,1,8.05,clear sky
372,Bialogard,PL,54.01,15.99,63.75,63.75,69,93,7.47,overcast clouds
373,Jhang,PK,33.67,72.7,87.62,87.62,50,17,5.06,few clouds
374,Karasjok,NO,69.47,25.51,42.91,42.91,75,100,6.08,overcast clouds
375,Vila Velha,BR,-20.33,-40.29,67.95,67.95,94,75,2.3,broken clouds
376,Okha,RU,53.57,142.95,74.23,74.23,58,18,6.08,few clouds
377,Roebourne,AU,-20.78,117.13,85.57,85.57,30,80,11.97,broken clouds
378,Peniche,PT,39.36,-9.38,59.94,65.73,87,0,17.78,clear sky
379,Lorengau,PG,-2.02,147.27,84.0,84.0,72,88,7.09,overcast clouds
380,Ciudad Bolivar,VE,8.12,-63.55,73.9,73.9,90,100,3.58,overcast clouds
381,Ketchikan,US,55.34,-131.65,52.97,52.97,82,32,3.02,scattered clouds
382,Leningradskiy,RU,69.38,178.42,34.34,34.34,84,96,14.12,overcast clouds
383,Adrar,MR,20.5,-10.07,87.26,87.26,35,54,10.98,broken clouds
384,La Asuncion,VE,11.03,-63.86,78.37,78.37,82,96,13.04,overcast clouds
385,Havre-Saint-Pierre,CA,50.23,-63.6,62.11,62.11,72,55,10.02,broken clouds
386,Honghu,CN,29.82,113.46,76.98,76.98,89,100,6.17,moderate rain
387,Benghazi,LY,32.12,20.07,79.74,79.74,58,0,8.08,clear sky
388,Kokopo,PG,-4.35,152.26,82.31,82.31,74,92,3.6,light rain
389,Tranas,SE,58.04,14.98,52.39,54.37,98,100,3.29,overcast clouds
390,Kampot,KH,10.62,104.18,87.85,87.85,56,12,3.62,few clouds
391,Bardiyah,LY,31.76,25.09,77.56,77.56,62,0,2.48,clear sky
392,Acapulco,MX,16.86,-99.89,79.48,79.48,84,100,1.86,overcast clouds
393,Mandalgovi,MN,45.76,106.27,75.52,75.52,36,100,11.18,overcast clouds
394,Ambon,ID,-3.7,128.18,81.23,81.23,80,29,10.45,light rain
395,Port Lincoln,AU,-34.73,135.87,56.93,56.93,69,100,11.61,overcast clouds
396,Saint Anthony,US,45.02,-93.22,63.28,71.91,63,1,1.99,clear sky
397,San Juan,AR,-31.54,-68.54,56.26,56.26,26,32,1.57,scattered clouds
398,Ondjiva,AO,-17.07,15.73,55.98,55.98,32,0,4.63,clear sky
399,Manta,EC,-0.95,-80.73,73.18,73.18,83,75,6.91,broken clouds
400,Port Blair,IN,11.67,92.75,83.37,83.37,76,97,14.54,moderate rain
401,Bambous Virieux,MU,-20.34,57.76,71.85,73.22,56,20,14.97,few clouds
402,Yongchang,CN,30.04,119.73,82.13,82.13,87,97,1.9,overcast clouds
403,San Patricio,US,28.02,-97.52,77.41,84.83,68,33,6.67,scattered clouds
404,Aykhal,RU,66.0,111.5,60.35,60.35,58,67,5.3,broken clouds
405,Novyy Urgal,RU,51.07,132.56,79.52,79.52,48,98,1.43,overcast clouds
406,Laguna,US,38.42,-121.42,69.91,91.24,52,1,1.01,haze
407,Road Town,VG,18.42,-64.62,79.0,82.2,78,99,16.53,overcast clouds
408,Bandarbeyla,SO,9.49,50.81,82.67,82.67,57,21,27.49,few clouds
409,Eucaliptus,BO,-17.58,-67.52,40.69,40.69,52,8,2.91,clear sky
410,Ndola,ZM,-12.96,28.64,54.93,54.93,76,0,6.13,clear sky
411,Fortuna,US,40.6,-124.16,58.12,61.93,73,90,3.0,overcast clouds
412,Chiungutwa,TZ,-10.88,38.98,69.17,69.17,78,3,2.42,clear sky
413,Sumbe,AO,-11.21,13.84,69.75,69.75,93,41,6.46,scattered clouds
414,Dwarka,IN,22.24,68.97,82.13,82.13,72,100,10.49,overcast clouds
415,Mmabatho,ZA,-25.85,25.63,48.04,48.04,88,0,15.32,clear sky
416,Missoula,US,47.02,-113.8,59.16,67.1,50,46,1.39,scattered clouds
417,Sungaipenuh,ID,-2.08,101.38,75.15,75.15,76,98,1.88,overcast clouds
418,Senador Jose Porfirio,BR,-2.59,-51.95,76.5,76.5,84,75,3.36,broken clouds
419,Taltal,CL,-25.4,-70.48,56.75,56.75,81,2,3.71,clear sky
420,Woodward,US,36.43,-99.39,72.52,74.73,74,1,8.05,clear sky
421,Tautira,PF,-17.73,-149.15,78.82,78.82,75,7,9.31,clear sky
422,Aguimes,ES,27.91,-15.45,86.63,86.63,29,0,17.27,clear sky
423,Kawalu,ID,-7.38,108.21,83.84,83.84,64,83,4.9,broken clouds
424,Narsaq,GL,60.92,-46.05,48.42,48.42,98,100,0.6,moderate rain
425,Dukhovshchina,RU,55.19,32.41,65.26,65.26,72,78,2.35,broken clouds
426,Myitkyina,MM,25.38,97.4,76.39,76.39,100,100,1.34,light rain
427,Montijo,PT,38.71,-8.97,63.82,65.68,87,20,9.22,few clouds
428,Sechura,PE,-5.56,-80.82,64.31,64.31,79,28,11.18,scattered clouds
429,Almaznyy,RU,48.04,40.05,66.34,66.34,74,100,4.5,overcast clouds
430,Kieta,PG,-6.22,155.63,81.84,81.84,80,96,5.66,moderate rain
431,Poros,GR,37.5,23.45,78.4,81.43,52,0,14.88,clear sky
432,Karymskoye,RU,51.62,114.35,79.09,79.09,47,12,9.86,few clouds
433,Porto Velho,BR,-8.76,-63.9,75.25,75.25,83,13,1.14,smoke
434,Hunsur,IN,12.31,76.29,77.65,77.65,65,100,11.05,light rain
435,Acarau,BR,-2.89,-40.12,76.84,76.84,84,85,9.64,overcast clouds
436,Muzhi,RU,65.37,64.67,66.4,66.4,62,100,14.29,overcast clouds
437,Lakatoro,VU,-16.1,167.42,76.37,76.37,66,68,14.54,broken clouds
438,Oistins,BB,13.07,-59.53,78.89,78.89,83,20,12.66,few clouds
439,Rolante,BR,-29.65,-50.58,56.88,60.04,98,12,1.77,few clouds
440,Gunjur,GM,13.2,-16.73,77.07,77.07,94,20,0.0,few clouds
441,Garwolin,PL,51.9,21.61,62.26,69.66,88,100,5.97,light rain
442,Voyinka,UA,45.87,33.99,73.96,73.96,52,4,7.61,clear sky
443,Tatawin,TN,32.93,10.45,77.22,77.22,50,18,3.94,few clouds
444,Gainesville,US,29.65,-82.32,76.57,78.67,88,1,3.44,clear sky
445,Anina,RO,45.08,21.86,65.35,66.04,48,0,5.08,clear sky
446,Boguchany,RU,58.38,97.45,69.91,69.91,45,80,7.43,broken clouds
447,Andenes,NO,69.31,16.12,49.98,49.98,76,75,17.27,broken clouds
448,Manavgat,TR,36.79,31.44,84.61,84.61,28,0,6.51,clear sky
449,Kudahuvadhoo,MV,2.67,72.89,82.31,82.31,71,73,13.49,broken clouds
450,Lazdijai,LT,54.23,23.52,59.83,59.83,81,88,6.46,overcast clouds
451,Ouesso,CG,1.61,16.05,71.35,71.35,88,76,1.68,broken clouds
452,Gorin,RU,51.2,136.67,82.54,82.54,46,90,3.22,overcast clouds
453,Culebra,PR,18.3,-65.3,77.16,82.2,79,100,17.22,overcast clouds
454,Ovsyanka,RU,55.96,92.55,72.57,72.57,46,95,3.94,overcast clouds
455,Luganville,VU,-15.53,167.17,75.24,75.24,75,93,15.1,overcast clouds
456,Tingo Maria,PE,-9.29,-76.01,69.31,69.31,85,46,1.68,scattered clouds
457,Bowen,AU,-20.02,148.23,73.02,73.02,63,45,19.28,scattered clouds
458,Terrace Bay,CA,48.78,-87.1,63.34,63.34,82,4,5.23,clear sky
459,Saint-Joseph,RE,-21.37,55.62,64.78,68.36,77,81,14.76,light rain
460,Shimoda,JP,34.67,138.95,73.51,73.51,93,100,12.5,overcast clouds
461,Synya,RU,65.37,58.04,62.53,62.53,80,100,12.03,overcast clouds
462,Airai,TL,-8.93,125.41,70.2,70.2,61,64,5.61,broken clouds
463,Kaputa,ZM,-8.47,29.66,68.38,68.38,58,2,6.42,clear sky
464,Belmira,CO,6.61,-75.67,52.14,54.07,96,91,1.68,overcast clouds
465,Goba,ET,7.02,39.98,54.5,54.5,83,54,2.39,light rain
466,Touros,BR,-5.2,-35.46,70.7,70.7,82,64,14.76,broken clouds
467,Takhli,TH,15.26,100.34,85.37,85.37,67,100,8.52,overcast clouds
468,Las Juntas,MX,19.42,-104.7,74.32,74.32,95,76,1.81,broken clouds
469,Mizdah,LY,31.45,12.98,70.83,70.83,75,4,4.7,clear sky
470,Alappuzha,IN,9.49,76.33,79.57,79.57,78,100,7.2,overcast clouds
471,Kovdor,RU,67.57,30.48,43.07,43.07,92,100,7.85,overcast clouds
472,Shetpe,KZ,44.17,52.12,82.31,82.31,19,0,11.3,clear sky
473,Batagay,RU,67.63,134.63,51.04,51.04,78,100,3.69,light rain
474,Fairbanks,US,64.84,-147.72,48.49,53.56,91,90,4.0,overcast clouds
475,Klaksvik,FO,62.23,-6.59,40.12,40.12,73,87,4.97,overcast clouds
476,Huilong,CN,31.81,121.66,85.03,85.03,81,92,10.09,overcast clouds
477,Huarmey,PE,-10.07,-78.15,62.17,62.17,86,69,8.72,broken clouds
478,Charters Towers,AU,-20.1,146.27,80.83,80.83,29,30,7.94,scattered clouds
479,Methoni,GR,36.82,21.7,64.26,77.22,60,0,2.68,clear sky
480,Iqaluit,CA,63.75,-68.51,41.63,41.63,91,100,6.53,overcast clouds
481,Pedernales,DO,18.04,-71.74,82.11,82.11,80,79,5.3,broken clouds
482,Camacha,PT,33.08,-16.33,67.42,84.96,94,20,14.97,few clouds
483,Alice Springs,AU,-23.7,133.88,69.35,69.35,13,0,12.66,clear sky
484,Quartucciu,IT,39.25,9.18,71.47,72.88,67,0,6.91,clear sky
485,Dombarovskiy,RU,50.76,59.54,83.14,83.14,17,95,5.5,overcast clouds
486,Malinyi,TZ,-8.93,36.13,68.14,68.14,77,24,2.55,light rain
487,Cochrane,CA,51.18,-114.47,64.62,74.05,37,29,7.16,scattered clouds
488,Urambo,TZ,-5.07,32.05,67.6,67.6,51,46,7.36,scattered clouds
489,Luanda,AO,-8.84,13.23,71.6,71.6,94,75,5.75,broken clouds
490,Port-Gentil,GA,-0.72,8.78,76.71,76.71,84,96,13.73,overcast clouds
491,Nobres,BR,-14.72,-56.33,76.26,76.26,36,3,4.38,clear sky
492,Soloneshnoye,RU,51.65,84.32,69.6,69.6,59,10,7.45,clear sky
493,Linhares,BR,-19.39,-40.07,64.08,64.08,92,6,2.44,clear sky
494,Dalhousie,IN,32.53,75.98,69.69,69.69,56,0,4.0,clear sky
495,Genc,TR,38.75,40.56,75.56,75.56,50,0,6.91,clear sky
496,Nazca,PE,-14.83,-74.95,63.59,63.59,58,1,1.72,clear sky
497,Gobabis,NA,-22.45,18.97,54.84,54.84,43,0,17.29,clear sky
498,Fortuna Foothills,US,32.66,-114.41,92.21,93.25,53,1,0.0,clear sky
499,Coolum Beach,AU,-26.53,153.1,76.33,76.33,61,29,5.68,scattered clouds
500,Dubreka,GN,9.79,-13.52,73.09,73.09,96,100,0.58,light rain
501,Zyryanka,RU,65.75,150.85,46.72,46.72,90,100,9.93,light rain
502,Faya,SA,18.39,42.45,73.92,73.92,36,99,6.69,overcast clouds
503,Itarema,BR,-2.92,-39.92,77.99,77.99,79,98,11.43,overcast clouds
504,Fare,PF,-16.7,-151.02,79.16,79.16,73,17,10.42,few clouds
505,Tortoli,IT,39.93,9.66,80.98,80.98,39,3,4.68,clear sky
506,Saint-Augustin,CA,51.23,-58.65,60.4,60.4,77,83,12.26,broken clouds
507,Sakakah,SA,29.97,40.21,85.91,85.91,21,0,9.37,clear sky
508,Umm Kaddadah,SD,13.6,26.69,80.1,80.1,64,82,11.79,broken clouds
509,Antofagasta,CL,-23.65,-70.4,57.52,57.52,76,34,8.03,scattered clouds
510,Bernau,DE,52.68,13.59,59.68,67.62,72,24,5.14,few clouds
511,Arlit,NE,18.74,7.39,89.47,89.47,33,94,4.03,overcast clouds
512,Roswell,US,34.02,-84.36,71.22,77.97,88,1,0.0,clear sky
513,Kupang,ID,-10.17,123.58,91.98,91.98,43,20,24.16,few clouds
514,Bonavista,CA,48.65,-53.11,63.23,63.23,100,81,10.16,light rain
515,Richards Bay,ZA,-28.78,32.04,58.5,58.5,85,2,3.83,clear sky
516,Kelvington,CA,52.17,-103.53,69.01,69.01,34,11,9.69,few clouds
517,Puerto Escondido,MX,15.85,-97.07,79.41,79.41,85,100,3.87,overcast clouds
518,Khani,GE,41.96,42.96,62.17,62.17,86,100,3.09,overcast clouds
519,Vlore,AL,40.47,19.49,79.72,79.72,50,0,3.94,clear sky
520,Crotone,IT,39.09,17.12,76.93,76.93,57,0,2.17,clear sky
521,Sidi Ali,DZ,36.1,0.42,76.24,76.24,62,48,3.78,scattered clouds
522,Marawi,PH,8.0,124.29,76.64,76.64,79,81,6.53,broken clouds
523,Yabrud,SY,33.97,36.66,63.52,67.66,33,0,1.41,clear sky
524,Komsomolskiy,UZ,40.43,71.72,76.35,79.52,17,0,16.11,clear sky
525,Nelson Bay,AU,-32.72,152.15,69.85,75.96,35,0,3.0,clear sky
526,Guiglo,CI,6.55,-7.5,67.59,67.59,94,84,2.44,broken clouds
527,Paratinga,BR,-12.69,-43.18,69.98,69.98,45,6,3.24,clear sky
528,Batouri,CM,4.43,14.37,67.03,67.03,99,100,2.66,overcast clouds
529,Boleslawiec,PL,51.26,15.57,61.59,67.01,79,96,8.03,overcast clouds
530,Ekhabi,RU,53.51,142.97,76.44,76.44,53,19,6.69,few clouds
531,Nuzvid,IN,16.78,80.85,77.85,77.85,89,100,9.73,overcast clouds
532,San Rafael Del Sur,NI,11.85,-86.44,74.71,74.71,91,97,7.9,overcast clouds
533,Acajutla,SV,13.59,-89.83,79.81,79.81,87,90,3.96,overcast clouds
534,Dolni Dabnik,BG,43.4,24.43,67.82,67.82,64,1,2.3,clear sky
535,Chenzhou,CN,25.8,113.03,86.83,86.83,73,84,2.89,light rain
536,Mount Isa,AU,-20.73,139.5,82.17,82.17,17,1,17.27,clear sky
537,Navoloki,RU,57.47,41.96,67.89,67.89,69,54,6.51,broken clouds
538,Porangatu,BR,-13.44,-49.15,72.82,72.82,29,0,1.81,clear sky
539,Wellington,NZ,-41.29,174.78,53.56,55.81,87,75,7.0,broken clouds
540,Rawatsar,IN,29.28,74.38,98.26,98.26,33,0,8.01,clear sky
541,Valentin Gomez Farias,MX,28.22,-106.58,67.75,67.75,71,100,2.51,overcast clouds
542,Nishiwaki,JP,34.98,134.97,76.35,76.35,84,100,1.97,overcast clouds
543,Elizabeth City,US,36.29,-76.25,73.04,79.0,95,40,5.75,scattered clouds
544,George Town,MY,5.41,100.34,80.53,84.88,78,40,9.22,scattered clouds
545,Aksarka,RU,66.56,67.8,63.01,63.01,56,74,16.26,broken clouds
546,Aitape,PG,-3.14,142.35,85.26,85.26,71,57,10.16,broken clouds
547,Shahr-E Kord,IR,32.33,50.86,74.73,74.73,16,0,5.97,clear sky
548,Lipari,IT,38.47,14.95,77.27,82.78,59,0,2.57,clear sky
549,Mogadishu,SO,2.04,45.34,77.32,77.32,78,37,20.0,scattered clouds
550,Beyla,GN,8.68,-8.63,66.76,66.76,98,99,3.62,overcast clouds
551,Yazykovo,RU,55.22,56.14,75.72,75.72,42,22,6.02,few clouds
552,Manadhoo,MV,5.77,73.38,81.86,81.86,76,100,15.88,overcast clouds
553,Yamada,JP,39.47,141.95,69.15,69.15,72,100,4.92,light rain
554,Ati,TD,13.22,18.34,77.36,77.36,77,57,6.64,broken clouds
555,Lasem,ID,-6.69,111.45,88.07,88.07,55,96,8.95,overcast clouds
556,Sitka,US,57.05,-135.33,55.29,55.29,88,90,0.0,overcast clouds
557,Ixtapa,MX,20.7,-105.2,79.23,79.23,88,97,1.01,overcast clouds
558,Nehe,CN,48.48,124.83,77.22,77.22,59,0,3.27,clear sky
559,Buraydah,SA,26.33,43.98,91.56,91.56,13,0,3.67,clear sky
560,Svetlyy,RU,54.67,20.13,59.05,59.05,71,100,11.68,overcast clouds
561,Boyolangu,ID,-8.12,111.89,84.27,84.27,66,51,9.89,broken clouds
562,Lengede,DE,52.2,10.31,59.61,63.72,70,62,4.0,broken clouds
563,Ariquemes,BR,-9.91,-63.04,75.81,75.81,46,0,0.02,clear sky
564,Eydhafushi,MV,5.1,73.07,82.22,82.22,74,100,15.84,overcast clouds
565,Amapa,BR,1.0,-52.0,70.05,70.05,99,100,1.39,overcast clouds
566,Rio Grande,BR,-32.03,-52.1,55.94,55.94,87,0,2.15,clear sky
567,Sarana,RU,56.48,57.73,72.19,72.19,57,50,3.04,scattered clouds
568,Ormara,PK,25.21,64.64,80.2,80.2,78,100,7.72,overcast clouds
569,Dudinka,RU,69.41,86.18,49.44,49.44,91,100,15.64,overcast clouds
570,Nongan,CN,44.38,125.17,76.39,76.39,67,100,6.62,overcast clouds
571,Langxiang,CN,46.95,128.88,79.99,79.99,38,5,5.46,clear sky
572,Amalapuram,IN,16.58,82.02,84.58,84.58,80,100,9.46,overcast clouds
573,Luzhou,CN,28.87,105.44,88.25,88.25,62,95,3.13,light rain
574,Valparaiso,CL,-33.04,-71.63,51.13,51.13,88,100,9.55,overcast clouds
575,Ames,US,42.03,-93.62,60.39,66.97,85,1,3.44,clear sky
576,Emba,KZ,48.83,58.14,84.52,84.52,17,3,5.14,clear sky
577,Leningradskaya,RU,46.32,39.39,70.79,70.79,76,78,7.43,broken clouds
578,General Pico,AR,-35.66,-63.76,51.91,51.91,46,100,12.57,overcast clouds
579,Corralillo,CU,22.98,-80.59,76.53,76.53,87,95,6.62,overcast clouds
580,Tupik,RU,54.43,119.93,77.31,77.31,47,3,9.75,clear sky
581,Sapouy,BF,11.55,-1.77,72.57,72.57,88,100,5.21,overcast clouds
582,Abu Dhabi,AE,24.47,54.37,95.11,96.82,71,12,3.44,few clouds
583,Cozumel,MX,20.51,-86.95,75.18,80.67,89,1,3.44,clear sky
584,Hamilton,US,39.18,-84.53,66.79,71.55,81,90,3.44,overcast clouds
585,Albemarle,US,35.35,-80.2,70.59,74.73,99,40,3.44,scattered clouds
586,Surt,LY,31.21,16.59,78.64,78.64,72,0,2.93,clear sky
587,Nokha,IN,27.6,73.42,92.44,92.44,42,4,11.56,clear sky
588,Pultusk,PL,52.7,21.08,62.65,70.05,85,100,5.14,overcast clouds
589,Dovolnoye,RU,54.5,79.67,73.62,73.62,54,75,6.98,broken clouds
590,Skelleftea,SE,64.75,20.95,53.96,55.99,66,75,1.01,broken clouds
591,Guerrero Negro,MX,27.98,-114.06,72.14,72.14,80,41,12.5,scattered clouds
592,Kropotkin,RU,45.44,40.58,71.69,71.69,78,84,7.02,broken clouds
593,Meulaboh,ID,4.14,96.13,81.27,81.27,75,100,5.55,overcast clouds
594,Vostok,RU,46.49,135.88,73.26,73.26,48,44,3.58,scattered clouds
595,Suba,PH,10.84,121.01,83.95,83.95,71,25,3.89,scattered clouds
596,Pucallpa,PE,-8.38,-74.55,77.54,77.54,59,68,1.19,broken clouds
597,Jinhua,CN,29.11,119.65,81.48,81.48,87,95,2.98,light rain
598,Varhaug,NO,58.61,5.65,49.55,50.85,80,95,3.65,overcast clouds
599,Valdivia,CL,-39.81,-73.25,50.09,50.09,98,100,5.5,overcast clouds
600,Yar-Sale,RU,66.83,70.83,60.75,60.75,57,23,14.5,few clouds
601,Lumberton,US,34.62,-79.01,73.27,77.34,94,100,4.43,overcast clouds
602,Kavali,IN,14.92,79.98,81.66,81.66,71,100,16.28,moderate rain
603,Muli,MV,2.92,73.57,82.67,82.67,70,60,14.5,broken clouds
604,Xudat,AZ,41.63,48.68,82.13,82.13,31,31,4.79,scattered clouds
605,Seoul,KR,37.57,126.98,85.44,87.28,38,87,1.57,overcast clouds
606,Vestmannaeyjar,IS,63.44,-20.27,54.34,54.34,92,100,10.69,overcast clouds
607,Puerto Carreno,CO,6.19,-67.49,73.76,73.76,91,100,3.94,overcast clouds
608,Lodja,CD,-3.48,23.43,71.65,71.65,69,0,0.94,clear sky
609,Urumqi,CN,43.8,87.6,63.55,63.55,82,75,6.71,broken clouds
610,Akyab,MM,20.15,92.9,79.32,79.32,92,100,13.06,overcast clouds
611,Bodden Town,KY,19.28,-81.25,80.01,82.92,85,83,8.16,broken clouds
612,Ulcinj,ME,41.93,19.22,64.31,73.62,48,0,3.49,clear sky
613,Pavilosta,LV,56.89,21.19,58.91,58.95,83,91,11.7,overcast clouds
614,Ulety,RU,51.36,112.48,82.96,82.96,36,41,3.22,scattered clouds
615,Suez,EG,29.97,32.53,78.44,78.44,71,0,10.18,clear sky
616,Baiyin,CN,36.56,104.21,77.11,77.11,45,86,10.2,overcast clouds
617,Tateyama,JP,34.98,139.87,71.62,71.62,92,100,12.44,overcast clouds
618,Medvedok,RU,57.39,50.04,72.41,72.41,61,12,5.41,few clouds
619,Pampa,US,35.54,-100.96,71.1,77.95,64,1,12.66,clear sky
620,Kulhudhuffushi,MV,6.62,73.07,81.7,81.7,77,100,15.79,overcast clouds
621,Lazarev,RU,52.23,141.51,61.88,61.88,87,19,25.84,few clouds
622,Roald,NO,62.58,6.13,51.01,59.16,94,75,12.66,broken clouds
623,Kisangani,CD,0.52,25.2,70.92,70.92,90,34,2.28,scattered clouds
624,Necochea,AR,-38.55,-58.74,43.03,43.03,84,43,10.2,scattered clouds
625,Krasnovishersk,RU,60.41,57.08,66.24,66.24,61,96,8.1,overcast clouds
626,Butterworth,MY,5.4,100.36,80.64,84.99,78,40,9.22,scattered clouds
627,Talara,PE,-4.58,-81.27,64.49,64.49,84,25,15.5,scattered clouds
628,Khandyga,RU,62.67,135.6,79.5,79.5,42,70,6.44,broken clouds
629,Berlevag,NO,70.86,29.09,44.55,44.6,81,40,14.97,scattered clouds
630,Senneterre,CA,48.38,-77.23,58.06,58.06,77,45,7.74,scattered clouds
631,Nangong,CN,37.36,115.37,85.42,85.42,59,2,4.76,clear sky
632,San Ignacio,BZ,17.16,-89.07,75.34,75.34,94,0,0.0,clear sky
633,Rancho Palos Verdes,US,33.74,-118.39,65.03,82.53,80,14,1.99,few clouds
634,Ostrow Mazowiecka,PL,52.8,21.9,62.62,62.62,83,100,7.23,overcast clouds
635,Altay,CN,47.87,88.12,74.1,74.1,38,96,6.71,overcast clouds
636,Kabale,UG,-1.25,29.99,60.22,60.22,71,14,2.13,few clouds
637,Beringovskiy,RU,63.05,179.32,49.33,49.33,78,100,6.02,overcast clouds
638,Noumea,NC,-22.28,166.46,73.38,73.38,60,60,16.35,broken clouds
639,Vitorino Freire,BR,-4.07,-45.17,70.11,70.11,94,13,2.95,few clouds
640,Santa Cruz Del Sur,CU,20.71,-78.0,78.57,78.57,87,64,6.64,light rain
641,Cockburn Town,TC,21.46,-71.14,82.35,82.35,83,42,18.84,scattered clouds
642,Endirey,RU,43.16,46.65,74.86,74.86,73,79,2.39,broken clouds
643,Havoysund,NO,71.0,24.66,43.03,43.68,73,100,10.58,overcast clouds
644,Becerril,CO,9.7,-73.28,74.52,74.52,91,37,3.29,scattered clouds
645,Qasigiannguit,GL,68.82,-51.19,43.05,43.05,93,100,3.96,overcast clouds
646,Neiafu,TO,-18.65,-173.98,74.08,74.08,64,20,6.91,few clouds
647,Alyangula,AU,-13.85,136.42,82.13,82.13,54,26,16.87,scattered clouds
648,Abalak,RU,58.13,68.59,72.72,72.72,52,19,2.57,few clouds
649,Yevsino,RU,54.42,83.32,72.16,72.16,57,43,4.68,scattered clouds
650,Pronsk,RU,54.1,39.61,72.36,72.36,50,26,3.96,scattered clouds
651,Fort-Shevchenko,KZ,44.51,50.26,84.65,84.65,28,41,12.19,scattered clouds
652,Safaga,EG,26.73,33.94,90.28,90.28,34,2,15.1,clear sky
653,Macamic,CA,48.75,-79.0,62.76,62.76,73,42,11.81,scattered clouds
654,Merauke,ID,-8.47,140.33,80.96,80.96,77,91,15.35,overcast clouds
655,Arman,RU,59.7,150.17,60.03,60.03,87,99,5.46,overcast clouds
656,Nouakchott,MR,18.09,-15.98,78.73,78.73,84,40,15.95,scattered clouds
657,Mayna,RU,54.11,47.62,75.16,75.16,31,100,3.2,overcast clouds
658,Pontes E Lacerda,BR,-15.23,-59.34,71.85,71.85,45,28,1.97,scattered clouds
659,Boende,CD,-0.22,20.87,71.96,71.96,79,39,2.82,scattered clouds
660,Kununurra,AU,-15.77,128.73,91.38,91.38,16,0,16.11,clear sky
661,Newport,GB,51.59,-3.0,53.06,58.01,87,9,11.18,clear sky
662,Kabompo,ZM,-13.59,24.2,53.42,53.42,76,0,6.24,clear sky
663,Tondano,ID,1.3,124.91,75.29,75.29,62,34,2.93,scattered clouds
664,Akhmim,EG,26.56,31.75,84.33,84.33,33,1,10.09,clear sky
665,Mehran,IR,33.12,46.16,97.16,97.16,15,0,13.24,clear sky
666,Ryotsu,JP,38.08,138.43,76.42,76.42,73,100,2.37,overcast clouds
667,Tecpan,GT,14.76,-90.99,50.74,54.72,94,93,2.8,overcast clouds
668,Kirensk,RU,57.79,108.11,59.11,59.11,97,100,5.53,moderate rain
669,Henties Bay,NA,-22.12,14.28,50.86,50.86,86,0,0.36,clear sky
670,Umba,RU,66.69,34.34,50.22,50.22,90,100,11.79,overcast clouds
671,Columbio,PH,6.7,124.94,88.88,88.88,61,99,3.33,overcast clouds
672,Hambantota,LK,6.12,81.12,89.94,89.94,62,20,14.97,few clouds
673,Mwinilunga,ZM,-11.74,24.43,57.02,57.02,59,0,7.14,clear sky
674,Baijiantan,CN,45.63,85.18,82.94,82.94,30,89,7.74,overcast clouds
675,Taywarah,AF,33.35,64.42,68.9,68.9,10,0,2.01,clear sky
676,Lodwar,KE,3.12,35.6,78.87,78.87,54,61,15.39,broken clouds
677,Melivoia,GR,39.75,22.8,62.98,65.82,49,0,1.32,clear sky
678,Mercedes,AR,-34.65,-59.43,43.03,48.83,91,24,7.16,few clouds
679,Zhigansk,RU,66.77,123.37,59.14,59.14,47,88,7.52,overcast clouds
680,Isabela,PH,6.71,121.97,85.03,85.03,70,83,4.36,broken clouds
681,Bima,ID,-8.47,118.72,93.69,93.69,43,4,3.04,clear sky
682,Kharan,PK,28.58,65.42,90.41,90.41,14,0,10.6,clear sky
683,Stanger,ZA,-29.33,31.29,53.91,55.99,83,0,4.38,clear sky
